Date,Open,High,Low,Close,Volume
2026-05-20 23:45:00+00:00,26355.0,26355.0,26355.0,26355.0,0
2026-05-21 22:30:00+00:00,26350.0,26350.0,26350.0,26350.0,0
2026-05-22 19:45:00+00:00,26340.0,26340.0,26340.0,26340.0,0
2026-05-25 23:45:00+00:00,26322.0,26322.0,26322.0,26322.0,0
2026-05-26 22:30:00+00:00,26294.0,26294.0,26294.0,26294.0,0
2026-05-27 23:15:00+00:00,26273.0,26273.0,26273.0,26273.0,0
2026-05-28 20:45:00+00:00,26325.0,26325.0,26325.0,26325.0,0
2026-05-29 21:30:00+00:00,26255.0,26255.0,26255.0,26255.0,0
2026-06-01 23:15:00+00:00,26265.0,26265.0,26265.0,26265.0,0
2026-06-02 23:15:00+00:00,26275.0,26275.0,26275.0,26275.0,0
2026-06-03 22:15:00+00:00,26290.0,26290.0,26290.0,26290.0,0
2026-06-04 23:00:00+00:00,26275.0,26275.0,26275.0,26275.0,0
2026-06-05 20:15:00+00:00,26270.0,26270.0,26270.0,26270.0,0
2026-06-08 17:00:00+00:00,26285.0,26285.0,26285.0,26285.0,0
2026-06-09 18:30:00+00:00,26270.0,26270.0,26270.0,26270.0,0
2026-06-10 21:30:00+00:00,26265.0,26265.0,26265.0,26265.0,0
2026-06-11 19:45:00+00:00,26325.0,26325.0,26325.0,26325.0,0
2026-06-12 21:15:00+00:00,26250.0,26250.0,26250.0,26250.0,0
2026-06-15 22:00:00+00:00,26230.0,26230.0,26230.0,26230.0,0
2026-06-16 22:15:00+00:00,26240.0,26240.0,26240.0,26240.0,0
2026-06-17 23:30:00+00:00,26265.0,26265.0,26265.0,26265.0,0
2026-06-18 22:00:00+00:00,26270.0,26270.0,26270.0,26270.0,0
2026-06-19 22:45:00+00:00,26335.0,26335.0,26335.0,26335.0,0
2026-06-22 23:45:00+00:00,26315.0,26315.0,26315.0,26315.0,0
2026-06-23 23:30:00+00:00,26265.0,26265.0,26265.0,26265.0,0
2026-06-24 23:00:00+00:00,26330.0,26330.0,26330.0,26330.0,0
2026-06-25 21:15:00+00:00,26315.0,26315.0,26315.0,26315.0,0
2026-06-26 21:00:00+00:00,26245.0,26245.0,26245.0,26245.0,0
2026-06-28 23:30:00+00:00,26245.0,26245.0,26245.0,26245.0,0
2026-06-29 21:15:00+00:00,26245.0,26245.0,26245.0,26245.0,0
2026-06-30 21:15:00+00:00,26245.0,26245.0,26245.0,26245.0,0
2026-07-01 22:45:00+00:00,26299.0,26299.0,26299.0,26299.0,0
2026-07-02 20:45:00+00:00,26285.0,26285.0,26285.0,26285.0,0
2026-07-03 20:15:00+00:00,26294.0,26294.0,26294.0,26294.0,0
2026-07-05 23:00:00+00:00,26294.0,26294.0,26294.0,26294.0,0
2026-07-06 23:45:00+00:00,26299.0,26299.0,26299.0,26299.0,0
2026-07-07 22:30:00+00:00,26289.0,26289.0,26289.0,26289.0,0
2026-07-08 23:00:00+00:00,26294.0,26294.0,26294.0,26294.0,0
2026-07-09 23:30:00+00:00,26290.0,26290.0,26290.0,26290.0,0
2026-07-10 21:00:00+00:00,26260.0,26260.0,26260.0,26260.0,0
2026-07-12 23:00:00+00:00,26260.0,26260.0,26260.0,26260.0,0
2026-07-13 22:45:00+00:00,26250.0,26250.0,26250.0,26250.0,0
2026-07-14 21:00:00+00:00,26259.0,26259.0,26259.0,26259.0,0
2026-07-15 17:45:00+00:00,26253.0,26253.0,26253.0,26253.0,0
2026-07-16 21:00:00+00:00,26250.0,26250.0,26250.0,26250.0,0
2026-07-17 21:15:00+00:00,26292.0,26292.0,26292.0,26292.0,0
2026-07-19 23:00:00+00:00,26292.0,26292.0,26292.0,26292.0,0
2026-07-20 20:30:00+00:00,26290.0,26290.0,26290.0,26290.0,0
2026-07-21 23:45:00+00:00,26310.0,26310.0,26310.0,26310.0,0
2026-07-22 22:45:00+00:00,26312.0,26312.0,26312.0,26312.0,0
2026-07-23 21:15:00+00:00,26314.0,26314.0,26314.0,26314.0,0
2026-07-24 21:30:00+00:00,26324.0,26324.0,26324.0,26324.0,0
2026-07-27 20:00:00+00:00,26313.0,26313.0,26313.0,26313.0,0
2026-07-28 00:15:00+00:00,26313.0,26313.0,26313.0,26313.0,0
2026-07-28 00:30:00+00:00,26313.0,26313.0,26313.0,26313.0,0
2026-07-28 01:15:00+00:00,26313.0,26313.0,26313.0,26313.0,0
2026-07-28 01:45:00+00:00,26313.0,26313.0,26313.0,26313.0,0
2026-07-28 03:30:00+00:00,26313.0,26313.0,26313.0,26313.0,0
2026-07-28 04:00:00+00:00,26313.0,26313.0,26313.0,26313.0,0
2026-07-28 04:15:00+00:00,26313.0,26313.0,26313.0,26313.0,0
2026-07-28 13:15:00+00:00,26330.0,26330.0,26330.0,26330.0,0
2026-07-28 13:30:00+00:00,26330.0,26330.0,26330.0,26330.0,0
2026-07-28 13:45:00+00:00,26330.0,26330.0,26330.0,26330.0,0
2026-07-28 14:00:00+00:00,26330.0,26330.0,26330.0,26330.0,0
2026-07-28 16:00:00+00:00,26330.0,26330.0,26330.0,26330.0,0
2026-07-28 16:15:00+00:00,26330.0,26330.0,26330.0,26330.0,0
2026-07-28 16:45:00+00:00,26330.0,26330.0,26330.0,26330.0,0
2026-07-28 17:30:00+00:00,26330.0,26330.0,26330.0,26330.0,0
2026-07-28 17:45:00+00:00,26330.0,26330.0,26330.0,26330.0,0
2026-07-28 18:00:00+00:00,26330.0,26330.0,26330.0,26330.0,0
2026-07-28 18:30:00+00:00,26330.0,26330.0,26330.0,26330.0,0
2026-07-28 19:15:00+00:00,26330.0,26330.0,26330.0,26330.0,0
2026-07-28 19:45:00+00:00,26330.0,26330.0,26330.0,26330.0,0
2026-07-28 20:00:00+00:00,26330.0,26330.0,26330.0,26330.0,0
2026-07-28 22:45:00+00:00,26330.0,26330.0,26330.0,26330.0,0
2026-07-29 01:00:00+00:00,26330.0,26330.0,26330.0,26330.0,0
2026-07-29 03:15:00+00:00,26330.0,26330.0,26330.0,26330.0,0
2026-07-29 13:00:00+00:00,26321.0,26321.0,26321.0,26321.0,0
2026-07-29 13:15:00+00:00,26321.0,26321.0,26321.0,26321.0,0
2026-07-29 14:00:00+00:00,26321.0,26321.0,26321.0,26321.0,0
2026-07-29 16:30:00+00:00,26321.0,26321.0,26321.0,26321.0,0
2026-07-29 16:45:00+00:00,26321.0,26321.0,26321.0,26321.0,0
2026-07-29 17:15:00+00:00,26321.0,26321.0,26321.0,26321.0,0
2026-07-29 17:30:00+00:00,26321.0,26321.0,26321.0,26321.0,0
2026-07-29 22:00:00+00:00,26321.0,26321.0,26321.0,26321.0,0
2026-07-30 02:30:00+00:00,26321.0,26321.0,26321.0,26321.0,0
2026-07-30 03:30:00+00:00,26321.0,26321.0,26321.0,26321.0,0
2026-07-30 13:30:00+00:00,26279.0,26279.0,26279.0,26279.0,0
2026-07-30 13:45:00+00:00,26279.0,26279.0,26279.0,26279.0,0
2026-07-30 14:15:00+00:00,26279.0,26279.0,26279.0,26279.0,0
2026-07-30 15:00:00+00:00,26279.0,26279.0,26279.0,26279.0,0
2026-07-30 15:15:00+00:00,26279.0,26279.0,26279.0,26279.0,0
2026-07-30 16:30:00+00:00,26279.0,26279.0,26279.0,26279.0,0
2026-07-30 16:45:00+00:00,26279.0,26279.0,26279.0,26279.0,0
2026-07-30 18:15:00+00:00,26279.0,26279.0,26279.0,26279.0,0
2026-07-30 18:45:00+00:00,26279.0,26279.0,26279.0,26279.0,0
2026-07-30 19:00:00+00:00,26279.0,26279.0,26279.0,26279.0,0
